{
    "DIFFUSION": {
        "MAE": 396.6183924451539,
        "RMSE": 513.0204268594624,
        "CRPS": 297.48707263997625,
        "ES": 17692.41423665945,
        "QS": -395.2810615670762
    },
    "GAN": {
        "MAE": 529.0591557612349,
        "RMSE": 662.0273172892807,
        "CRPS": 444.24132647220284,
        "ES": 25150.84240769921,
        "QS": -504.24320836229873
    },
    "VAE": {
        "MAE": 354.04056270395586,
        "RMSE": 437.7253001951388,
        "CRPS": 329.91252804069546,
        "ES": 18197.20058801339,
        "QS": -353.9323360001185
    },
    "WEIBULL_DIFFUSION": {
        "MAE": 27773.271891567794,
        "RMSE": 27777.323665582328,
        "CRPS": 27132.987277106422,
        "ES": 1206200.0122340424,
        "QS": -27754.03002098598
    },
    "SEQ_VAE": {
        "MAE": 416.47809680808086,
        "RMSE": 499.76536935836276,
        "CRPS": 402.77520863797616,
        "ES": 21536.97189584456,
        "QS": -416.56350083762914
    },
    "SEQ_DIFFUSION": {
        "MAE": 394.8315118918569,
        "RMSE": 497.34263087049345,
        "CRPS": 294.4753659496121,
        "ES": 16581.199079653477,
        "QS": -402.90554280594796
    }
}